"XXII","22nd Century Group, Inc","1.04","73708090.56","n/a","n/a","Consumer Non-Durables","Farming/Seeds/Milling","http://www.nasdaq.com/symbol/xxii",
"FAX","Aberdeen Asia-Pacific Income Fund Inc","4.57","1219540730.96","n/a","1986","n/a","n/a","http://www.nasdaq.com/symbol/fax",
"IAF","Aberdeen Australia Equity Fund Inc","5.68","130290776.56","n/a","n/a","n/a","n/a","http://www.nasdaq.com/symbol/iaf",
"CH","Aberdeen Chile Fund, Inc.","6.25","58665606.25","n/a","n/a","n/a","n/a","http://www.nasdaq.com/symbol/ch",
"ABE           ","Aberdeen Emerging Markets Smaller Company Opportunities Fund I","11.42","111513239.44","n/a","n/a","n/a","n/a","http://www.nasdaq.com/symbol/abe           ",
"FCO","Aberdeen Global Income Fund, Inc.","7.82","70431799.68","n/a","1992","n/a","n/a","http://www.nasdaq.com/symbol/fco",
"IF","Aberdeen Indonesia Fund, Inc.","5.93","56247514.71","n/a","1990","n/a","n/a","http://www.nasdaq.com/symbol/if",
"ISL","Aberdeen Israel Fund, Inc.","17.37","70133198.85","n/a","1992","n/a","n/a","http://www.nasdaq.com/symbol/isl",
"ACU","Acme United Corporation.","18.04","60363698.12","n/a","1988","Capital Goods","Industrial Machinery/Components","http://www.nasdaq.com/symbol/acu",
"AIII","ACRE Realty Investors, Inc.","1.27","25486603.84","n/a","n/a","Consumer Services","Real Estate Investment Trusts","http://www.nasdaq.com/symbol/aiii",
"ATNM","Actinium Pharmaceuticals, Inc.","2.11","85741651.94","n/a","n/a","Health Care","Major Pharmaceuticals","http://www.nasdaq.com/symbol/atnm",
"AE","Adams Resources & Energy, Inc.","42.07","177434263.72","n/a","n/a","Energy","Oil Refining/Marketing","http://www.nasdaq.com/symbol/ae",
"ADK","Adcare Health Systems Inc","3.25","64608105.25","n/a","n/a","Health Care","Hospital/Nursing Management","http://www.nasdaq.com/symbol/adk",
"ADK^A","Adcare Health Systems Inc","21.4235","0","n/a","n/a","n/a","n/a","http://www.nasdaq.com/symbol/adk^a",
"ACY","AeroCentury Corp.","8.99","13873880.43","n/a","n/a","Technology","Diversified Commercial Services","http://www.nasdaq.com/symbol/acy",
"WGA","AG&E Holdings, Inc.","0.435","5080800","n/a","n/a","Technology","Radio And Television Broadcasting And Communications Equipment","http://www.nasdaq.com/symbol/wga",
"AIRI","Air Industries Group","8.8","66523608.8","n/a","n/a","Capital Goods","Military/Government/Technical","http://www.nasdaq.com/symbol/airi",
"AA^","Alcoa Inc.","81.02","0","n/a","n/a","Capital Goods","Metal Fabrications","http://www.nasdaq.com/symbol/aa^",
"AXX","Alderon Iron Ore Corp.","0.14","18498768.54","n/a","n/a","Basic Industries","Precious Metals","http://www.nasdaq.com/symbol/axx",
"AXU","Alexco Resource Corp","0.46","32010893.08","n/a","n/a","Basic Industries","Precious Metals","http://www.nasdaq.com/symbol/axu",
"AAU","Almaden Minerals, Ltd.","0.57","41694542.97","n/a","2015","Basic Industries","Precious Metals","http://www.nasdaq.com/symbol/aau",
"APT","Alpha Pro Tech, Ltd.","2.15","39526576.1","n/a","n/a","Health Care","Industrial Specialties","http://www.nasdaq.com/symbol/apt",
"ALTV","Alteva (D/B/A)","4.45","26703252.95","n/a","n/a","Public Utilities","Telecommunications Equipment","http://www.nasdaq.com/symbol/altv",
"AAMC","Altisource Asset Management Corp","28","61808852","n/a","n/a","Finance","Real Estate","http://www.nasdaq.com/symbol/aamc",
"DIT","AMCON Distributing Company","82","50497404","n/a","n/a","Consumer Non-Durables","Food Distributors","http://www.nasdaq.com/symbol/dit",
"ADGE","American DG Energy Inc.","0.3579","18141626.7426","n/a","n/a","Public Utilities","Power Generation","http://www.nasdaq.com/symbol/adge",
"ALN","American Lorain Corporation","1.172","44840122.28","n/a","n/a","Consumer Non-Durables","Packaged Foods","http://www.nasdaq.com/symbol/aln",
"AMS","American Shared Hospital Services","1.9","10191879.3","n/a","n/a","Health Care","Medical Specialities","http://www.nasdaq.com/symbol/ams",
"AMPE","Ampio Pharmaceuticals, Inc.","3.03","157554867.18","n/a","n/a","Health Care","Major Pharmaceuticals","http://www.nasdaq.com/symbol/ampe",
"APHB","AmpliPhi Biosciences Corporation","5.15","29785040.45","n/a","n/a","Health Care","Biotechnology: Biological Products (No Diagnostic Substances)","http://www.nasdaq.com/symbol/aphb",
"AXN","Aoxing Pharmaceutical Company, Inc.","1.6","111710814.4","n/a","n/a","Health Care","Major Pharmaceuticals","http://www.nasdaq.com/symbol/axn",
"AMCO","Armco Metals Holdings, Inc.","0.2805","2294406.1305","n/a","n/a","Consumer Durables","Steel/Iron Ore","http://www.nasdaq.com/symbol/amco",
"HRT","Arrhythmia Research Technology Inc.","6.02","16774964.78","n/a","n/a","Health Care","Biotechnology: Electromedical & Electrotherapeutic Apparatus","http://www.nasdaq.com/symbol/hrt",
"AKG","Asanko Gold Inc.","1.52","299433322.64","n/a","n/a","Basic Industries","Mining & Quarrying of Nonmetallic Minerals (No Fuels)","http://www.nasdaq.com/symbol/akg",
"AINC","Ashford Inc.","65.85","131026354.5","n/a","2014","Consumer Services","Professional Services","http://www.nasdaq.com/symbol/ainc",
"ASB.WS","Associated Banc-Corp","n/a","0","n/a","n/a","n/a","n/a","http://www.nasdaq.com/symbol/asb.ws",
"AST","Asterias Biotherapeutics, Inc.","4.3","161689374","n/a","n/a","Health Care","Biotechnology: Biological Products (No Diagnostic Substances)","http://www.nasdaq.com/symbol/ast",
"AWX","Avalon Holdings Corporation","1.81","6884029.11","n/a","n/a","Public Utilities","Environmental Services","http://www.nasdaq.com/symbol/awx",
"AVL","Avalon Rare Metals, Inc.","0.0923","14102099.9886","n/a","n/a","Basic Industries","Precious Metals","http://www.nasdaq.com/symbol/avl",
"ASM","Avino Silver","1.1173","41015414.8546","n/a","n/a","Basic Industries","Precious Metals","http://www.nasdaq.com/symbol/asm",
"BTG","B2Gold Corp","1.25","1158230478.75","n/a","n/a","Basic Industries","Precious Metals","http://www.nasdaq.com/symbol/btg",
"BTN","Ballantyne Strong, Inc","4.61","65175700.56","n/a","n/a","Miscellaneous","Industrial Machinery/Components","http://www.nasdaq.com/symbol/btn",
"BKJ","Bancorp of New Jersey, Inc","11.23","70077906.43","n/a","n/a","Finance","Major Banks","http://www.nasdaq.com/symbol/bkj",
"BCV","Bancroft Fund Limited","18.93","97134676.08","n/a","n/a","n/a","n/a","http://www.nasdaq.com/symbol/bcv",
"BAA","BANRO CORPORATION","0.1752","44176797.7344","n/a","n/a","Basic Industries","Precious Metals","http://www.nasdaq.com/symbol/baa",
"BHB","Bar Harbor Bankshares, Inc.","32.5","194651015","n/a","n/a","Finance","Major Banks","http://www.nasdaq.com/symbol/bhb",
"BRN","Barnwell Industries, Inc.","2.09","17299264.4","n/a","n/a","Energy","Oil & Gas Production","http://www.nasdaq.com/symbol/brn",
"BIR^A.CL","Berkshire Income Realty, Inc.","n/a","0","n/a","n/a","n/a","n/a","http://www.nasdaq.com/symbol/bir^a.cl",
"BGSF","BG Staffing Inc","13.34","98575569.82","n/a","n/a","Technology","Professional Services","http://www.nasdaq.com/symbol/bgsf",
"BPMX","BioPharmX Corporation","1.28","26893885.44","n/a","2015","Basic Industries","Engineering & Construction","http://www.nasdaq.com/symbol/bpmx",
"BTX","BioTime, Inc.","3.34","278159004.26","n/a","n/a","Health Care","Biotechnology: Biological Products (No Diagnostic Substances)","http://www.nasdaq.com/symbol/btx",
"BTX.WS","BioTime, Inc.","n/a","0","n/a","n/a","n/a","n/a","http://www.nasdaq.com/symbol/btx.ws",
"BGI","Birks Group Inc.","0.83","8501616.13","n/a","n/a","Consumer Services","Consumer Specialties","http://www.nasdaq.com/symbol/bgi",
"BZM","BlackRock Maryland Municipal Bond Trust","14.47","30015670.86","n/a","2002","n/a","n/a","http://www.nasdaq.com/symbol/bzm",
"MHE","BlackRock Massachusetts Tax-Exempt Trust","13.2382","31303669.9154","n/a","1993","n/a","n/a","http://www.nasdaq.com/symbol/mhe",
"BLE","BlackRock Municipal Income Trust II","14.69","344780484.49","n/a","2002","n/a","n/a","http://www.nasdaq.com/symbol/ble",
"BLJ","Blackrock New Jersey Municipal Bond Trust","14.36","33385808.12","n/a","2002","n/a","n/a","http://www.nasdaq.com/symbol/blj",
"BFY","BlackRock New York Municipal Income Trust II","14.33","71634394.63","n/a","2002","n/a","n/a","http://www.nasdaq.com/symbol/bfy",
"BHV","BlackRock Virginia Municipal Bond Trust","16.5572","26351661.3316","n/a","2002","n/a","n/a","http://www.nasdaq.com/symbol/bhv",
"BDR","Blonder Tongue Laboratories, Inc.","0.64","4008151.04","n/a","n/a","Technology","Radio And Television Broadcasting And Communications Equipment","http://www.nasdaq.com/symbol/bdr",
"BRG","Bluerock Residential Growth REIT, Inc.","12.39","242287404.03","n/a","2014","Consumer Services","Real Estate Investment Trusts","http://www.nasdaq.com/symbol/brg",
"BVX","Bovie Medical Corporation","2.1","57107927.1","n/a","n/a","Health Care","Medical/Dental Instruments","http://www.nasdaq.com/symbol/bvx",
"BWL.A","Bowl America, Inc.","n/a","0","n/a","n/a","n/a","n/a","http://www.nasdaq.com/symbol/bwl.a",
"BZC","Breeze-Eastern Corporation","14","138029080","n/a","n/a","Capital Goods","Military/Government/Technical","http://www.nasdaq.com/symbol/bzc",
"BTI","British American Tobacco p.l.c.","114.32","106558138997.2","n/a","n/a","Consumer Non-Durables","Farming/Seeds/Milling","http://www.nasdaq.com/symbol/bti",
"CANF","Can-Fite Biopharma Ltd","4.55","48495210.4","n/a","n/a","Health Care","Major Pharmaceuticals","http://www.nasdaq.com/symbol/canf",
"ROX","Castle Brands, Inc.","1.36","217367582.8","n/a","2006","Consumer Non-Durables","Beverages (Production/Distribution)","http://www.nasdaq.com/symbol/rox",
"CAW","CCA Industries, Inc.","3.08","21580586.72","n/a","n/a","Consumer Non-Durables","Package Goods/Cosmetics","http://www.nasdaq.com/symbol/caw",
"CVM","Cel-Sci Corporation","0.71","79577667.62","n/a","n/a","Health Care","Biotechnology: Biological Products (No Diagnostic Substances)","http://www.nasdaq.com/symbol/cvm",
"CVM.WS","Cel-Sci Corporation","n/a","0","n/a","n/a","n/a","n/a","http://www.nasdaq.com/symbol/cvm.ws",
"CEF","Central Fund of Canada Limited","11.27","2867456675.51","n/a","n/a","n/a","n/a","http://www.nasdaq.com/symbol/cef",
"GTU","Central Gold Trust","40.6","783539400","n/a","n/a","n/a","n/a","http://www.nasdaq.com/symbol/gtu",
"CET","Central Securities Corporation","20.55","499587577.05","n/a","n/a","n/a","n/a","http://www.nasdaq.com/symbol/cet",
"LEU","Centrus Energy Corp.","3.13","28170000","n/a","2014","Basic Industries","Mining & Quarrying of Nonmetallic Minerals (No Fuels)","http://www.nasdaq.com/symbol/leu",
"CCF","Chase Corporation","38.76","356544015.12","n/a","n/a","Consumer Durables","Building Products","http://www.nasdaq.com/symbol/ccf",
"CQH","Cheniere Energy Partners LP Holdings, LLC","20.89","4840213000","n/a","2013","Public Utilities","Oil/Gas Transmission","http://www.nasdaq.com/symbol/cqh",
"CQP","Cheniere Energy Partners, LP","28.11","9495909740.43","n/a","2007","Public Utilities","Oil/Gas Transmission","http://www.nasdaq.com/symbol/cqp",
"LNG","Cheniere Energy, Inc.","54.02","12779716027.76","n/a","n/a","Public Utilities","Oil/Gas Transmission","http://www.nasdaq.com/symbol/lng",
"CVR","Chicago Rivet & Machine Co.","25.75","24877899","n/a","n/a","Technology","Industrial Machinery/Components","http://www.nasdaq.com/symbol/cvr",
"CNR","China Metro-Rural Holdings Limited","0.9549","70226957.4318","n/a","n/a","Finance","Real Estate","http://www.nasdaq.com/symbol/cnr",
"CPHI","China Pharma Holdings, Inc.","0.18","7844320.26","n/a","n/a","Health Care","Major Pharmaceuticals","http://www.nasdaq.com/symbol/cphi",
"CKX","CKX Lands, Inc.","12.01","23329364.95","n/a","n/a","Energy","Oil & Gas Production","http://www.nasdaq.com/symbol/ckx",
"GLV","Clough Global Allocation Fund","13.25","138209491.25","n/a","2004","n/a","n/a","http://www.nasdaq.com/symbol/glv",
"GLQ","Clough Global Equity Fund","12.898","229830803.392","n/a","2005","n/a","n/a","http://www.nasdaq.com/symbol/glq",
"GLO","Clough Global Opportunities Fund","11.08","572841074.64","n/a","2006","n/a","n/a","http://www.nasdaq.com/symbol/glo",
"MOC","Command Security Corporation","1.89","18397932.84","n/a","n/a","Consumer Services","Diversified Commercial Services","http://www.nasdaq.com/symbol/moc",
"CIX","CompX International Inc.","10.832","134437111.024","n/a","1998","Capital Goods","Industrial Machinery/Components","http://www.nasdaq.com/symbol/cix",
"LODE","Comstock Mining, Inc.","0.63","58368287.25","n/a","n/a","Basic Industries","Precious Metals","http://www.nasdaq.com/symbol/lode",
"CTO","Consolidated-Tomoka Land Co.","51.95","311407105.9","n/a","n/a","Finance","Real Estate","http://www.nasdaq.com/symbol/cto",
"MCF","Contango Oil & Gas Company","9.68","187985890.4","n/a","n/a","Energy","Oil & Gas Production","http://www.nasdaq.com/symbol/mcf",
"CUO","Continental Materials Corporation","15.0051","24940982.0517","n/a","n/a","Capital Goods","Building Materials","http://www.nasdaq.com/symbol/cuo",
"CMT","Core Molding Technologies Inc","20.03","154410629.04","n/a","n/a","Consumer Non-Durables","Plastic Products","http://www.nasdaq.com/symbol/cmt",
"CVRS","Corindus Vascular Robotics, Inc.","3.15","373379444.55","n/a","2015","Health Care","Medical/Dental Instruments","http://www.nasdaq.com/symbol/cvrs",
"CRMD","CorMedix Inc","2.4","82156905.6","n/a","n/a","Health Care","Major Pharmaceuticals","http://www.nasdaq.com/symbol/crmd",
"CRF","Cornerstone Strategic Return Fund, Inc. (The)","17.42","78841613.5","n/a","n/a","n/a","n/a","http://www.nasdaq.com/symbol/crf",
"CLM","Cornerstone Strategic Value Fund, Inc.","16.945","356875984.635","n/a","1987","n/a","n/a","http://www.nasdaq.com/symbol/clm",
"CVU","CPI Aerostructures, Inc.","8.75","74938648.75","n/a","n/a","Capital Goods","Military/Government/Technical","http://www.nasdaq.com/symbol/cvu",
"CIK","Credit Suisse Asset Management Income Fund, Inc.","2.82","147365335.02","n/a","n/a","n/a","n/a","http://www.nasdaq.com/symbol/cik",
"DHY","Credit Suisse High Yield Bond Fund","2.27","226760446.9","n/a","1998","n/a","n/a","http://www.nasdaq.com/symbol/dhy",
"CRHM","CRH Medical Corporation","3.2","224084006.4","n/a","2015","Health Care","Medical/Dental Instruments","http://www.nasdaq.com/symbol/crhm",
"CRVP","Crystal Rock Holdings, Inc.","0.55","11747126.05","n/a","n/a","Consumer Non-Durables","Food Distributors","http://www.nasdaq.com/symbol/crvp",
"CVSL","CVSL Inc.","1.77","60829758.15","n/a","2014","Consumer Services","Other Consumer Services","http://www.nasdaq.com/symbol/cvsl",
"DAKP","Dakota Plains Holdings, Inc.","0.7","38567067","n/a","n/a","Energy","Oil Refining/Marketing","http://www.nasdaq.com/symbol/dakp",
"DXR","Daxor Corporation","8.93","34512029.97","n/a","n/a","Health Care","Medical/Dental Instruments","http://www.nasdaq.com/symbol/dxr",
"DEJ","Dejour Energy Inc.","0.1142","20838486.833","n/a","n/a","Energy","Oil & Gas Production","http://www.nasdaq.com/symbol/dej",
"VCF","Delaware Investments Colorado Municipal Income Fund, Inc","14.02","67816142","n/a","1993","Consumer Services","Miscellaneous","http://www.nasdaq.com/symbol/vcf",
"VFL","Delaware Investments Florida Insured Municipal Income Fund","12.79","57918785.97","n/a","1993","n/a","n/a","http://www.nasdaq.com/symbol/vfl",
"VMM","Delaware Investments Minnesota Municipal Income Fund II, Inc.","13.19","151750620.25","n/a","1993","n/a","n/a","http://www.nasdaq.com/symbol/vmm",
"DLA","Delta Apparel, Inc.","17.65","138538168.2","n/a","n/a","Consumer Non-Durables","Apparel","http://www.nasdaq.com/symbol/dla",
"DNN","Denison Mine Corp","0.4874","252687007.2706","n/a","n/a","Basic Industries","Precious Metals","http://www.nasdaq.com/symbol/dnn",
"DGSE","DGSE Companies, Inc.","0.29","3565969.34","n/a","n/a","Consumer Services","Consumer Specialties","http://www.nasdaq.com/symbol/dgse",
"DPW","Digital Power Corporation","0.65","4404381.15","n/a","n/a","Capital Goods","Industrial Machinery/Components","http://www.nasdaq.com/symbol/dpw",
"DSS","Document Security Systems, Inc.","0.199","9214178.396","n/a","n/a","Consumer Durables","Containers/Packaging","http://www.nasdaq.com/symbol/dss",
"DMF","Dreyfus Municipal Income, Inc.","9.52","197245717.76","n/a","1988","n/a","n/a","http://www.nasdaq.com/symbol/dmf",
"GRF","Eagle Capital Growth Fund, Inc.","7.6955","24049391.742","n/a","n/a","n/a","n/a","http://www.nasdaq.com/symbol/grf",
"ESTE","Earthstone Energy, Inc.","15.99","221223696.72","n/a","n/a","Energy","Oil & Gas Production","http://www.nasdaq.com/symbol/este",
"EVM","Eaton Vance California Municipal Bond Fund","11.8","252415994.8","n/a","2002","n/a","n/a","http://www.nasdaq.com/symbol/evm",
"EIA","Eaton Vance California Municipal Bond Fund II","12.36","48027981.24","n/a","2002","n/a","n/a","http://www.nasdaq.com/symbol/eia",
"CEV","Eaton Vance California Municipal Income Trust","12.88","93438926","n/a","1999","n/a","n/a","http://www.nasdaq.com/symbol/cev",
"EVV","Eaton Vance Limited Duration Income Fund","12.8","1504601830.4","n/a","2003","n/a","n/a","http://www.nasdaq.com/symbol/evv",
"MAB","Eaton Vance Massachusetts Municipal Bond Fund","13.91","24600029.74","n/a","2002","n/a","n/a","http://www.nasdaq.com/symbol/mab",
"MMV","Eaton Vance Massachusetts Municipal Income Trust","13.7101","37524831.6121","n/a","1999","n/a","n/a","http://www.nasdaq.com/symbol/mmv",
"MIW","Eaton Vance Michigan Municipal Bond Fund","13.17","19755856.05","n/a","2002","n/a","n/a","http://www.nasdaq.com/symbol/miw",
"EMI","Eaton Vance Michigan Municipal Income Trust","12.47","25362658.18","n/a","1999","n/a","n/a","http://www.nasdaq.com/symbol/emi",
"EIM","Eaton Vance Municipal Bond Fund","12.63","860964997.5","n/a","2002","n/a","n/a","http://www.nasdaq.com/symbol/eim",
"EIV","Eaton Vance Municipal Bond Fund II","12.51","125267396.31","n/a","2002","n/a","n/a","http://www.nasdaq.com/symbol/eiv",
"EMJ","Eaton Vance New Jersey Municipal Bond Fund","13.19","34007908.9","n/a","2002","n/a","n/a","http://www.nasdaq.com/symbol/emj",
"EVJ","Eaton Vance New Jersey Municipal Income Trust","12.225","56774831.55","n/a","1999","n/a","n/a","http://www.nasdaq.com/symbol/evj",
"ENX","Eaton Vance New York Municipal Bond Fund","12.72","199177201.2","n/a","2002","n/a","n/a","http://www.nasdaq.com/symbol/enx",
"NYH","Eaton Vance New York Municipal Bond Fund II","12.418","31740917.138","n/a","2002","n/a","n/a","http://www.nasdaq.com/symbol/nyh",
"EVY","Eaton Vance New York Municipal Income Trust","13.52","74026813.12","n/a","1999","n/a","n/a","http://www.nasdaq.com/symbol/evy",
"EIO","Eaton Vance Ohio Municipal Bond Fund","12.6","31966187.4","n/a","2002","n/a","n/a","http://www.nasdaq.com/symbol/eio",
"EVO","Eaton Vance Ohio Municipal Income Trust","13.4","38285903.8","n/a","1999","n/a","n/a","http://www.nasdaq.com/symbol/evo",
"EIP","Eaton Vance Pennsylvania Municipal Bond Fund","12.38","36645295.2","n/a","2002","n/a","n/a","http://www.nasdaq.com/symbol/eip",
"EVP","Eaton Vance Pennsylvania Municipal Income Trust","11.97","31745804.58","n/a","1999","n/a","n/a","http://www.nasdaq.com/symbol/evp",
"ELMD","Electromed, Inc.","1.84","15021496.88","n/a","2011","Health Care","Biotechnology: Electromedical & Electrotherapeutic Apparatus","http://www.nasdaq.com/symbol/elmd",
"ETAK","Elephant Talk Communications Corp.","0.4201","67421290.6871","n/a","n/a","Technology","EDP Services","http://www.nasdaq.com/symbol/etak",
"ELLO","Ellomay Capital Ltd.","8.72","93440938.88","n/a","n/a","Public Utilities","Electric Utilities: Central","http://www.nasdaq.com/symbol/ello",
"ECF","Ellsworth Growth and Income Fund Ltd.","8.17","106660640.86","n/a","1986","n/a","n/a","http://www.nasdaq.com/symbol/ecf",
"EMAN","eMagin Corporation","2.33","59297237.14","n/a","n/a","Technology","Semiconductors","http://www.nasdaq.com/symbol/eman",
"EOX","Emerald Oil, Inc.","3.08","24197481","n/a","n/a","Energy","Oil & Gas Production","http://www.nasdaq.com/symbol/eox",
"MSN","Emerson Radio Corporation","1.24","33640991.68","n/a","n/a","Consumer Non-Durables","Consumer Electronics/Appliances","http://www.nasdaq.com/symbol/msn",
"UUUU","Energy Fuels Inc","3.3","149065085.4","n/a","n/a","Basic Industries","Mining & Quarrying of Nonmetallic Minerals (No Fuels)","http://www.nasdaq.com/symbol/uuuu",
"ENRJ","EnerJex Resources, Inc.","0.6651","5602909.4811","n/a","n/a","Energy","Oil & Gas Production","http://www.nasdaq.com/symbol/enrj",
"ENRJ^","EnerJex Resources, Inc.","6.65","0","n/a","n/a","n/a","n/a","http://www.nasdaq.com/symbol/enrj^",
"ENSV","ENSERVCO Corporation","0.8127","30972938.1066","n/a","n/a","Energy","Oilfield Services/Equipment","http://www.nasdaq.com/symbol/ensv",
"ESNC","EnSync, Inc.","0.5","23564667","n/a","n/a","Public Utilities","Electric Utilities: Central","http://www.nasdaq.com/symbol/esnc",
"EGI","Entree Gold Inc","0.2993","44001405.4305","n/a","n/a","Basic Industries","Precious Metals","http://www.nasdaq.com/symbol/egi",
"EVI","EnviroStarm, Inc.","3.93","27642566.76","n/a","n/a","Consumer Services","Other Consumer Services","http://www.nasdaq.com/symbol/evi",
"ERB","ERBA Diagnostics, Inc.","1.83","80677396.47","n/a","n/a","Health Care","Major Pharmaceuticals","http://www.nasdaq.com/symbol/erb",
"ERN","Erin Energy Corp.","4.53","958102460.91","n/a","n/a","Energy","Oil & Gas Production","http://www.nasdaq.com/symbol/ern",
"ESP","Espey Mfg. & Electronics Corp.","24.95","58969000.65","n/a","n/a","Capital Goods","Industrial Machinery/Components","http://www.nasdaq.com/symbol/esp",
"EMXX","Eurasian Minerals Inc.","0.5","36767355","n/a","n/a","Basic Industries","Precious Metals","http://www.nasdaq.com/symbol/emxx",
"EVBN","Evans Bancorp, Inc.","25.4","107775984.6","n/a","n/a","Finance","Major Banks","http://www.nasdaq.com/symbol/evbn",
"EPM","Evolution Petroleum Corporation, Inc.","6.95","227066334.25","n/a","n/a","Energy","Oil & Gas Production","http://www.nasdaq.com/symbol/epm",
"EPM^A","Evolution Petroleum Corporation, Inc.","25.95","0","n/a","n/a","n/a","n/a","http://www.nasdaq.com/symbol/epm^a",
"XRA","Exeter Resource Corporation","0.345","30500674.785","n/a","n/a","Basic Industries","Mining & Quarrying of Nonmetallic Minerals (No Fuels)","http://www.nasdaq.com/symbol/xra",
"FPP","FieldPoint Petroleum Corporation","1.39","12343340.39","n/a","n/a","Energy","Oil & Gas Production","http://www.nasdaq.com/symbol/fpp",
"FPP.WS","FieldPoint Petroleum Corporation","n/a","0","n/a","n/a","n/a","n/a","http://www.nasdaq.com/symbol/fpp.ws",
"FEN","First Trust Energy Income and Growth Fund","28.11","544075065.54","n/a","2004","n/a","n/a","http://www.nasdaq.com/symbol/fen",
"FWV","First West Virginia Bancorp, Inc.","20","34574600","n/a","n/a","Finance","Major Banks","http://www.nasdaq.com/symbol/fwv",
"BDL","Flanigan&#39;s Enterprises, Inc.","26.91","50016190.77","n/a","n/a","Consumer Services","Restaurants","http://www.nasdaq.com/symbol/bdl",
"FSI","Flexible Solutions International Inc.","0.86","11333072.26","n/a","n/a","Basic Industries","Major Chemicals","http://www.nasdaq.com/symbol/fsi",
"FTF","Franklin Limited Duration Income Trust","11.1","297875715","n/a","2003","n/a","n/a","http://www.nasdaq.com/symbol/ftf",
"FSP","Franklin Street Properties Corp.","11.29","1131115802.45","n/a","n/a","Consumer Services","Real Estate Investment Trusts","http://www.nasdaq.com/symbol/fsp",
"FRD","Friedman Industries Inc.","6.05","41136636.2","n/a","n/a","Capital Goods","Steel/Iron Ore","http://www.nasdaq.com/symbol/frd",
"GGN","GAMCO Global Gold, Natural Reources & Income Trust ","5.43","612114451.8","n/a","2005","n/a","n/a","http://www.nasdaq.com/symbol/ggn",
"GGN^B","GAMCO Global Gold, Natural Reources & Income Trust ","21.4","0","n/a","n/a","n/a","n/a","http://www.nasdaq.com/symbol/ggn^b",
"EGAS","Gas Natural Inc.","9.3","97646624.1","n/a","n/a","Public Utilities","Oil/Gas Transmission","http://www.nasdaq.com/symbol/egas",
"GST","Gastar Exploration Inc.","1.39","111397544.02","n/a","n/a","Energy","Oil & Gas Production","http://www.nasdaq.com/symbol/gst",
"GST^A","Gastar Exploration Inc.","14.97","0","n/a","n/a","n/a","n/a","http://www.nasdaq.com/symbol/gst^a",
"GST^B","Gastar Exploration Inc.","16.5","0","n/a","n/a","n/a","n/a","http://www.nasdaq.com/symbol/gst^b",
"JOB","General Employment Enterprises, Inc.","0.62","55126216.24","n/a","n/a","Technology","Diversified Commercial Services","http://www.nasdaq.com/symbol/job",
"GMO","General Moly, Inc","0.3362","30575119.9776","n/a","n/a","Basic Industries","Precious Metals","http://www.nasdaq.com/symbol/gmo",
"GIG","GigOptix, Inc.","1.86","61515551.22","n/a","n/a","Technology","Semiconductors","http://www.nasdaq.com/symbol/gig",
"GSB","GlobalSCAPE, Inc.","3.25","67829014.5","n/a","n/a","Technology","Computer Software: Prepackaged Software","http://www.nasdaq.com/symbol/gsb",
"GSAT","Globalstar, Inc.","1.91","1963865510.58","n/a","2006","Consumer Services","Telecommunications Equipment","http://www.nasdaq.com/symbol/gsat",
"GLOW","Glowpoint, Inc.","0.52","18538520","n/a","n/a","Public Utilities","Telecommunications Equipment","http://www.nasdaq.com/symbol/glow",
"GORO","Gold Resource Corporation","2.88","156036582.72","n/a","n/a","Basic Industries","Precious Metals","http://www.nasdaq.com/symbol/goro",
"GSV","Gold Standard Ventures Corporation","0.38","63752424.82","n/a","n/a","Basic Industries","Mining & Quarrying of Nonmetallic Minerals (No Fuels)","http://www.nasdaq.com/symbol/gsv",
"AUMN","Golden Minerals Company","0.31","16480478.23","n/a","n/a","Basic Industries","Precious Metals","http://www.nasdaq.com/symbol/aumn",
"GSS","Golden Star Resources, Ltd","0.2245","58346897.8275","n/a","n/a","Basic Industries","Precious Metals","http://www.nasdaq.com/symbol/gss",
"GV","Goldfield Corporation (The)","1.69","43012788.26","n/a","n/a","Basic Industries","Water Supply","http://www.nasdaq.com/symbol/gv",
"GRC","Gorman-Rupp Company (The)","26.08","684861921.44","n/a","n/a","Capital Goods","Fluid Controls","http://www.nasdaq.com/symbol/grc",
"GTE","Gran Tierra Energy Inc.","2.7","745322407.2","n/a","n/a","Energy","Oil & Gas Production","http://www.nasdaq.com/symbol/gte",
"GPL","Great Panther Silver Limited","0.48","68022050.4","n/a","n/a","Basic Industries","Precious Metals","http://www.nasdaq.com/symbol/gpl",
"GRH","GreenHunter Resources, Inc.","0.31","13109359.67","n/a","n/a","Basic Industries","Major Chemicals","http://www.nasdaq.com/symbol/grh",
"GRH^C","GreenHunter Resources, Inc.","5.48","0","n/a","n/a","n/a","n/a","http://www.nasdaq.com/symbol/grh^c",
"SIM","Grupo Simec, S.A. de C.V.","7.85","1302339107.35","n/a","1993","Basic Industries","Steel/Iron Ore","http://www.nasdaq.com/symbol/sim",
"GVP","GSE Systems, Inc.","1.37","24506366.83","n/a","n/a","Technology","Computer Software: Prepackaged Software","http://www.nasdaq.com/symbol/gvp",
"HCHC","HC2 Holdings, Inc.","7.78","199108529.68","n/a","n/a","Public Utilities","Telecommunications Equipment","http://www.nasdaq.com/symbol/hchc",
"HEB","Hemispherx BioPharma, Inc.","0.155","38267460.2","n/a","n/a","Health Care","Biotechnology: Biological Products (No Diagnostic Substances)","http://www.nasdaq.com/symbol/heb",
"HLM^","Hillman Group Capital Trust","29.77","0","n/a","n/a","n/a","n/a","http://www.nasdaq.com/symbol/hlm^",
"HMG","HMG/Courtland Properties, Inc.","12.54","13037750.22","n/a","n/a","Consumer Services","Real Estate Investment Trusts","http://www.nasdaq.com/symbol/hmg",
"HH","Hooper Holmes, Inc.","0.1538","11919490.3106","n/a","n/a","Health Care","Hospital/Nursing Management","http://www.nasdaq.com/symbol/hh",
"HUSA","Houston American Energy Corporation","0.171","8921060.595","n/a","n/a","Energy","Oil & Gas Production","http://www.nasdaq.com/symbol/husa",
"IBIO","iBio, Inc.","0.67","51426124.7","n/a","n/a","Health Care","Major Pharmaceuticals","http://www.nasdaq.com/symbol/ibio",
"IBO","IBO (Listing Market - NYSE Amex Network B F)","153.82","0","n/a","n/a","n/a","n/a","http://www.nasdaq.com/symbol/ibo",
"IDI","IDI, Inc.","6.76","104558853.36","n/a","n/a","Consumer Services","Advertising","http://www.nasdaq.com/symbol/idi",
"IEC","IEC Electronics Corp.","3.5","35659078","n/a","n/a","Technology","Electrical Products","http://www.nasdaq.com/symbol/iec",
"IG","IGI Laboratories, Inc.","7.58","400704973.74","n/a","n/a","Health Care","Biotechnology: Biological Products (No Diagnostic Substances)","http://www.nasdaq.com/symbol/ig",
"IMUC","ImmunoCellular Therapeutics, Ltd.","0.4255","38403427.1865","n/a","n/a","Health Care","Major Pharmaceuticals","http://www.nasdaq.com/symbol/imuc",
"IMH","Impac Mortgage Holdings, Inc.","19.13","195824436.3","n/a","1997","Consumer Services","Real Estate Investment Trusts","http://www.nasdaq.com/symbol/imh",
"IMO","Imperial Oil Limited","33.59","28470850779.49","n/a","n/a","Energy","Integrated oil Companies","http://www.nasdaq.com/symbol/imo",
"IOT","Income Opportunity Realty Investors, Inc.","7.93","33053937.02","n/a","n/a","Consumer Services","Real Estate Investment Trusts","http://www.nasdaq.com/symbol/iot",
"IRT","Independence Realty Trust, Inc.","7.5","239697630","n/a","2013","Consumer Services","Real Estate Investment Trusts","http://www.nasdaq.com/symbol/irt",
"IGC","India Globalization Capital Inc.","0.185","2844428.095","n/a","n/a","Consumer Non-Durables","Electronic Components","http://www.nasdaq.com/symbol/igc",
"IGC.WS","India Globalization Capital Inc.","n/a","0","n/a","n/a","n/a","n/a","http://www.nasdaq.com/symbol/igc.ws",
"INFU","InfuSystems Holdings, Inc.","2.98","66854184.2","n/a","n/a","Health Care","Medical/Dental Instruments","http://www.nasdaq.com/symbol/infu",
"IHT","InnSuites Hospitality Trust","2.5","20660865","n/a","n/a","Consumer Services","Real Estate Investment Trusts","http://www.nasdaq.com/symbol/iht",
"NSPR","InspireMD, Inc.","1.3","10121321.6","n/a","n/a","Health Care","Medical/Dental Instruments","http://www.nasdaq.com/symbol/nspr",
"IFMI","Institutional Financial Markets, Inc.","1.47","22612732.17","n/a","n/a","Finance","Investment Bankers/Brokers/Service","http://www.nasdaq.com/symbol/ifmi",
"IDN","Intellicheck Mobilisa, Inc.","0.955","9411277.655","n/a","1999","Technology","Computer Software: Prepackaged Software","http://www.nasdaq.com/symbol/idn",
"INS","Intelligent Systems Corporation","2.88","25146141.12","n/a","1992","Capital Goods","Metal Fabrications","http://www.nasdaq.com/symbol/ins",
"THM","International Tower Hill Mines Ltd","0.34","39546636.92","n/a","n/a","Basic Industries","Precious Metals","http://www.nasdaq.com/symbol/thm",
"INTT","inTest Corporation","4.14","43729486.92","n/a","1997","Capital Goods","Electrical Products","http://www.nasdaq.com/symbol/intt",
"INUV","Inuvo, Inc","2.75","66747859.75","n/a","n/a","Consumer Services","Advertising","http://www.nasdaq.com/symbol/inuv",
"VKI","Invesco Advantage Municipal Income Trust II","11.39","505499031.89","n/a","n/a","n/a","n/a","http://www.nasdaq.com/symbol/vki",
"ISR","IsoRay, Inc.","1.38","75918703.14","n/a","n/a","Health Care","Medical/Dental Instruments","http://www.nasdaq.com/symbol/isr",
"ISDR","Issuer Direct Corporation","8","18678656","n/a","n/a","Miscellaneous","Publishing","http://www.nasdaq.com/symbol/isdr",
"ITI","Iteris, Inc.","2.36","75548220.88","n/a","n/a","Consumer Durables","Telecommunications Equipment","http://www.nasdaq.com/symbol/iti",
"KIQ","Kelso Technologies Inc","1.597","73496737.944","n/a","n/a","Capital Goods","Railroads","http://www.nasdaq.com/symbol/kiq",
"LTS","Ladenburg Thalmann Financial Services Inc","2.34","434088544.5","n/a","n/a","Finance","Investment Bankers/Brokers/Service","http://www.nasdaq.com/symbol/lts",
"LTS^A","Ladenburg Thalmann Financial Services Inc","23.92","0","n/a","n/a","n/a","n/a","http://www.nasdaq.com/symbol/lts^a",
"LSG","Lake Shore Gold Corp","0.87","396945224.73","n/a","n/a","Basic Industries","Precious Metals","http://www.nasdaq.com/symbol/lsg",
"LAQ","Latin America Equity Fund, Inc. (The)","17.52","130498017.84","n/a","1991","n/a","n/a","http://www.nasdaq.com/symbol/laq",
"LGL","LGL Group, Inc. (The)","3.75","9947921.25","n/a","n/a","Capital Goods","Industrial Machinery/Components","http://www.nasdaq.com/symbol/lgl",
"LGL.WS","LGL Group, Inc. (The)","n/a","0","n/a","n/a","n/a","n/a","http://www.nasdaq.com/symbol/lgl.ws",
"LBY","Libbey, Inc.","33","720847083","n/a","1993","Capital Goods","Industrial Machinery/Components","http://www.nasdaq.com/symbol/lby",
"LBMH","Liberator Medical Holdings, Inc.","2.61","139517440.38","n/a","n/a","Health Care","Medical/Nursing Services","http://www.nasdaq.com/symbol/lbmh",
"LIQT","LiqTech International, Inc.","1.07","42270116.74","n/a","n/a","Technology","Industrial Machinery/Components","http://www.nasdaq.com/symbol/liqt",
"LEI","Lucas Energy, Inc.","2.59","3766603.33","n/a","n/a","Energy","Oil & Gas Production","http://www.nasdaq.com/symbol/lei",
"MCZ","Mad Catz Interactive Inc","0.7","51428699.7","n/a","n/a","Consumer Non-Durables","Recreational Products/Toys","http://www.nasdaq.com/symbol/mcz",
"MVG","Mag Silver Corporation","7.98","552645930.48","n/a","n/a","Basic Industries","Precious Metals","http://www.nasdaq.com/symbol/mvg",
"MHR^C","Magnum Hunter Resources Corporation","6.25","0","n/a","n/a","n/a","n/a","http://www.nasdaq.com/symbol/mhr^c",
"MHR^D","Magnum Hunter Resources Corporation","8.37","0","n/a","n/a","n/a","n/a","http://www.nasdaq.com/symbol/mhr^d",
"MHR^E","Magnum Hunter Resources Corporation","3.9","0","n/a","n/a","n/a","n/a","http://www.nasdaq.com/symbol/mhr^e",
"MJCO","Majesco","4.81","175331027.17","n/a","2015","Technology","Computer Software: Prepackaged Software","http://www.nasdaq.com/symbol/mjco",
"MSTX","Mast Therapeutics, Inc.","0.52","85079434.44","n/a","n/a","Health Care","Major Pharmaceuticals","http://www.nasdaq.com/symbol/mstx",
"MHH","Mastech Holdings, Inc","7.7501","33589894.4124","n/a","n/a","Consumer Services","Professional Services","http://www.nasdaq.com/symbol/mhh",
"MDGN","Medgenics, Inc.","7","174513101","n/a","2011","Health Care","Biotechnology: Biological Products (No Diagnostic Substances)","http://www.nasdaq.com/symbol/mdgn",
"MDGN.WS","Medgenics, Inc.","n/a","0","n/a","n/a","n/a","n/a","http://www.nasdaq.com/symbol/mdgn.ws",
"IPB","Merrill Lynch & Co., Inc.","26.7906","0","n/a","n/a","Finance","Finance: Consumer Services","http://www.nasdaq.com/symbol/ipb",
"MXC","Mexco Energy Corporation","3.05","6213661.3","n/a","n/a","Energy","Oil & Gas Production","http://www.nasdaq.com/symbol/mxc",
"CCA","MFS California Insured Municipal Trust","11.25","31345177.5","n/a","1999","n/a","n/a","http://www.nasdaq.com/symbol/cca",
"MGT","MGT Capital Investments Inc","0.24","3397719.6","n/a","n/a","Miscellaneous","Multi-Sector Companies","http://www.nasdaq.com/symbol/mgt",
"MLSS","Milestone Scientific, Inc.","3.05","65386183.65","n/a","2015","Health Care","Industrial Specialties","http://www.nasdaq.com/symbol/mlss",
"MGH","Minco Gold Corporation","0.17","8604189.77","n/a","n/a","Basic Industries","Precious Metals","http://www.nasdaq.com/symbol/mgh",
"MGN","Mines Management, Inc.","0.2902","8652034.408","n/a","n/a","Basic Industries","Precious Metals","http://www.nasdaq.com/symbol/mgn",
"MVF","MuniVest Fund, Inc.","9.68","619635066.16","n/a","n/a","n/a","n/a","http://www.nasdaq.com/symbol/mvf",
"MZA","MuniYield Arizona Fund, Inc.","16.9364","77811071.884","n/a","1993","n/a","n/a","http://www.nasdaq.com/symbol/mza",
"NNVC","NanoViricides, Inc.","1.31","74984400","n/a","n/a","Health Care","Biotechnology: Commercial Physical & Biological Resarch","http://www.nasdaq.com/symbol/nnvc",
"NHC","National HealthCare Corporation","63.43","903988883.08","n/a","n/a","Health Care","Hospital/Nursing Management","http://www.nasdaq.com/symbol/nhc",
"NHC^A.CL","National HealthCare Corporation","n/a","0","n/a","n/a","n/a","n/a","http://www.nasdaq.com/symbol/nhc^a.cl",
"NAVB","Navidea Biopharmaceuticals, Inc.","2.31","348116263.11","n/a","n/a","Health Care","Biotechnology: In Vitro & In Vivo Diagnostic Substances","http://www.nasdaq.com/symbol/navb",
"NTIP","Network-1 Technologies, Inc.","2.07","48246493.95","n/a","n/a","Technology","Computer Software: Prepackaged Software","http://www.nasdaq.com/symbol/ntip",
"NBW","Neuberger Berman California Intermediate Municipal Fund Inc.","14.72","81585232","n/a","2002","n/a","n/a","http://www.nasdaq.com/symbol/nbw",
"NHS","Neuberger Berman High Yield Strategies Fund","10.29","201072619.65","n/a","n/a","n/a","n/a","http://www.nasdaq.com/symbol/nhs",
"NBH","Neuberger Berman Intermediate Municipal Fund Inc.","15.54","291623640","n/a","2002","n/a","n/a","http://www.nasdaq.com/symbol/nbh",
"NML","Neuberger Berman MLP Income Fund Inc.","14.16","800373213.12","n/a","2013","n/a","n/a","http://www.nasdaq.com/symbol/nml",
"NBO","Neuberger Berman New York Intermediate Municipal Fund Inc.","13.756","69825456","n/a","2002","n/a","n/a","http://www.nasdaq.com/symbol/nbo",
"NRO","Neuberger Berman Real Estate Securities Income Fund, Inc.","4.87","271686810.02","n/a","2003","n/a","n/a","http://www.nasdaq.com/symbol/nro",
"UWN","Nevada Gold & Casinos, Inc.","1.61","26478554.27","n/a","n/a","Consumer Services","Services-Misc. Amusement & Recreation","http://www.nasdaq.com/symbol/uwn",
"NSU","Nevsun Resources Ltd","3.27","653285403.63","n/a","n/a","Basic Industries","Precious Metals","http://www.nasdaq.com/symbol/nsu",
"GBR","New Concept Energy, Inc","1.501","2922347.934","n/a","n/a","Energy","Oil & Gas Production","http://www.nasdaq.com/symbol/gbr",
"NEN","New England Realty Associates Limited Partnership","48.9712","185488018.3552","n/a","n/a","Consumer Services","Building operators","http://www.nasdaq.com/symbol/nen",
"NGD","NEW GOLD INC.","2.76","1405246862.64","n/a","n/a","Basic Industries","Precious Metals","http://www.nasdaq.com/symbol/ngd",
"HLTH","Nobilis Health Corp.","5.43","364010128.08","n/a","2015","Health Care","Hospital/Nursing Management","http://www.nasdaq.com/symbol/hlth",
"NSAT","Norsat International Inc.","4.27","24901179.66","n/a","n/a","Capital Goods","Industrial Machinery/Components","http://www.nasdaq.com/symbol/nsat",
"NAK","Northern Dynasty Minerals, Ltd.","0.4162","54510795.7038","n/a","n/a","Basic Industries","Precious Metals","http://www.nasdaq.com/symbol/nak",
"NOG","Northern Oil and Gas, Inc.","5.49","338195479.59","n/a","n/a","Energy","Oil & Gas Production","http://www.nasdaq.com/symbol/nog",
"NBY","NovaBay Pharmaceuticals, Inc.","0.2899","21381606.9688","n/a","2007","Health Care","Major Pharmaceuticals","http://www.nasdaq.com/symbol/nby",
"NCQ","NovaCopper Inc.","0.35","36517139.05","n/a","n/a","Basic Industries","Precious Metals","http://www.nasdaq.com/symbol/ncq",
"NG","Novagold Resources Inc.","3.77","1198338352.64","n/a","n/a","Basic Industries","Precious Metals","http://www.nasdaq.com/symbol/ng",
"NTN","NTN Buzztime, Inc.","0.3289","30394390.6695","n/a","n/a","Consumer Services","Broadcasting","http://www.nasdaq.com/symbol/ntn",
"NVX","Nuveen California Dividend Advantage Municipal Fund 2","15.0405","221986304.0985","n/a","2001","n/a","n/a","http://www.nasdaq.com/symbol/nvx",
"NZH","Nuveen California Dividend Advantage Municipal Fund 3","13.58","327982584.72","n/a","n/a","n/a","n/a","http://www.nasdaq.com/symbol/nzh",
"NCB","Nuveen California Municipal Value Fund 2","16.44","54053076","n/a","n/a","n/a","n/a","http://www.nasdaq.com/symbol/ncb",
"CFD","Nuveen Diversified Commodity Fund","10.62","96079564.8","n/a","2010","n/a","n/a","http://www.nasdaq.com/symbol/cfd",
"NXZ","Nuveen Dividend Advantage Municipal Fund 2","13.58","400316834.96","n/a","2001","n/a","n/a","http://www.nasdaq.com/symbol/nxz",
"NZF","Nuveen Dividend Advantage Municipal Fund 3","13.63","536036101.21","n/a","2007","n/a","n/a","http://www.nasdaq.com/symbol/nzf",
"NVG","Nuveen Dividend Advantage Municipal Income Fund","13.95","371964613.5","n/a","2002","n/a","n/a","http://www.nasdaq.com/symbol/nvg",
"CTF","Nuveen Long/Short Commodity Total Return Fund","15.85","259081564","n/a","n/a","n/a","n/a","http://www.nasdaq.com/symbol/ctf",
"NOM","Nuveen Missouri Premium Income Municipal Fund","14.95","34891221.95","n/a","1993","n/a","n/a","http://www.nasdaq.com/symbol/nom",
"NMZ","Nuveen Municipal High Income Opportunity Fund","13.51","676555212.06","n/a","2003","n/a","n/a","http://www.nasdaq.com/symbol/nmz",
"NJV","Nuveen New Jersey Municipal Value Fund","14.24","22072512.64","n/a","n/a","n/a","n/a","http://www.nasdaq.com/symbol/njv",
"NYV","Nuveen New York Municipal Value Fund 2","14.96","35150195.52","n/a","2009","n/a","n/a","http://www.nasdaq.com/symbol/nyv",
"NPN","Nuveen Pennsylvania Municipal Value Fund","14.8","18046409.6","n/a","2009","n/a","n/a","http://www.nasdaq.com/symbol/npn",
"JRS","Nuveen Real Estate Fund","10.32","298170300.72","n/a","2001","n/a","n/a","http://www.nasdaq.com/symbol/jrs",
"OGEN","Oragenics, Inc.","1.66","60552709.76","n/a","n/a","Health Care","Major Pharmaceuticals","http://www.nasdaq.com/symbol/ogen",
"TIS","Orchids Paper Products Company","27.36","280965996","n/a","2005","Basic Industries","Paper","http://www.nasdaq.com/symbol/tis",
"ONVO","Organovo Holdings, Inc.","2.81","259718195.24","n/a","n/a","Health Care","Biotechnology: Biological Products (No Diagnostic Substances)","http://www.nasdaq.com/symbol/onvo",
"ONP","Orient Paper, Inc.","1.71","34741044","n/a","n/a","Consumer Durables","Containers/Packaging","http://www.nasdaq.com/symbol/onp",
"OSGB","Overseas Shipholding Group, Inc.","3.5","24098609.5","n/a","n/a","Transportation","Marine Transportation","http://www.nasdaq.com/symbol/osgb",
"ORM","Owens Realty Mortgage, Inc.","13.9","146522304.7","n/a","2013","Consumer Services","Real Estate Investment Trusts","http://www.nasdaq.com/symbol/orm",
"PHF","Pacholder High Yield Fund, Inc.","6.45","83828134.5","n/a","n/a","n/a","n/a","http://www.nasdaq.com/symbol/phf",
"PBM","Pacific Booker Minerals Inc","1.72","21265287.08","n/a","n/a","Basic Industries","Precious Metals","http://www.nasdaq.com/symbol/pbm",
"PCG^A","Pacific Gas & Electric Co.","29","0","n/a","n/a","n/a","n/a","http://www.nasdaq.com/symbol/pcg^a",
"PCG^B","Pacific Gas & Electric Co.","26.36","0","n/a","n/a","n/a","n/a","http://www.nasdaq.com/symbol/pcg^b",
"PCG^C","Pacific Gas & Electric Co.","25.1","0","n/a","n/a","n/a","n/a","http://www.nasdaq.com/symbol/pcg^c",
"PCG^D","Pacific Gas & Electric Co.","24.3","0","n/a","n/a","n/a","n/a","http://www.nasdaq.com/symbol/pcg^d",
"PCG^E","Pacific Gas & Electric Co.","25.02","0","n/a","n/a","n/a","n/a","http://www.nasdaq.com/symbol/pcg^e",
"PCG^G","Pacific Gas & Electric Co.","24.15","0","n/a","n/a","n/a","n/a","http://www.nasdaq.com/symbol/pcg^g",
"PCG^H","Pacific Gas & Electric Co.","23.5","0","n/a","n/a","n/a","n/a","http://www.nasdaq.com/symbol/pcg^h",
"PCG^I","Pacific Gas & Electric Co.","23.35","0","n/a","n/a","n/a","n/a","http://www.nasdaq.com/symbol/pcg^i",
"PTN","Palatin Technologies, Inc.","0.77","52382601.04","n/a","n/a","Health Care","Major Pharmaceuticals","http://www.nasdaq.com/symbol/ptn",
"PARR","Par Petroleum Corporation","21.36","792658834.56","n/a","n/a","Energy","Oil & Gas Production","http://www.nasdaq.com/symbol/parr",
"PZG","Paramount Gold Nevada Corp.","1.15","9796609.65","n/a","2015","Basic Industries","Precious Metals","http://www.nasdaq.com/symbol/pzg",
"PRK","Park National Corporation","92.38","1419961247.74","n/a","n/a","Finance","Major Banks","http://www.nasdaq.com/symbol/prk",
"PED","Pedevco Corp.","0.28","12377018.92","n/a","n/a","Energy","Oil & Gas Production","http://www.nasdaq.com/symbol/ped",
"PFNX","Pfenex Inc.","16","371086752","n/a","2014","Health Care","Major Pharmaceuticals","http://www.nasdaq.com/symbol/pfnx",
"PIP","PharmAthene, Inc","1.61","103401242.14","n/a","n/a","Health Care","Major Pharmaceuticals","http://www.nasdaq.com/symbol/pip",
"HNW","Pioneer Diversified High Income Trust","14.89","124075243.1","n/a","2007","n/a","n/a","http://www.nasdaq.com/symbol/hnw",
"PLG","Platinum Group Metals Ltd.","0.255","196080472.65","n/a","n/a","Basic Industries","Precious Metals","http://www.nasdaq.com/symbol/plg",
"PLM","Polymet Mining Corp.","0.7494","207266120.3472","n/a","n/a","Basic Industries","Precious Metals","http://www.nasdaq.com/symbol/plm",
"PW","Power REIT","4.2529","7365121.1852","n/a","n/a","Consumer Services","Real Estate Investment Trusts","http://www.nasdaq.com/symbol/pw",
"PW^A","Power REIT","24.9","0","n/a","n/a","n/a","n/a","http://www.nasdaq.com/symbol/pw^a",
"PLX","Protalix BioTherapeutics, Inc.","1.13","106390989.34","n/a","n/a","Health Care","Biotechnology: Biological Products (No Diagnostic Substances)","http://www.nasdaq.com/symbol/plx",
"PVCT","Provectus Biopharmaceuticals, Inc.","0.53","108415877.27","n/a","n/a","Health Care","Major Pharmaceuticals","http://www.nasdaq.com/symbol/pvct",
"PVCT.WS","Provectus Biopharmaceuticals, Inc.","n/a","0","n/a","n/a","n/a","n/a","http://www.nasdaq.com/symbol/pvct.ws",
"RLGT","Radiant Logistics, Inc.","4.33","210995820.91","n/a","n/a","Transportation","Oil Refining/Marketing","http://www.nasdaq.com/symbol/rlgt",
"RLGT^A","Radiant Logistics, Inc.","26.85","0","n/a","n/a","n/a","n/a","http://www.nasdaq.com/symbol/rlgt^a",
"REE","Rare Element Resources Ltd.","0.3098","16401394.424","n/a","n/a","Basic Industries","Precious Metals","http://www.nasdaq.com/symbol/ree",
"UTG","Reaves Utility Income Fund","29.11","844606098.34","n/a","2004","n/a","n/a","http://www.nasdaq.com/symbol/utg",
"REED","Reeds, Inc.","4.99","65480611.33","n/a","n/a","Consumer Non-Durables","Beverages (Production/Distribution)","http://www.nasdaq.com/symbol/reed",
"RWC","RELM Wireless Corporation","4.4","60360942.4","n/a","n/a","Technology","Radio And Television Broadcasting And Communications Equipment","http://www.nasdaq.com/symbol/rwc",
"RCG","RENN Fund, Inc.","0.9699","4329601.5933","n/a","n/a","n/a","n/a","http://www.nasdaq.com/symbol/rcg",
"RVP","Retractable Technologies, Inc.","3.6","100311332.4","n/a","n/a","Health Care","Medical/Dental Instruments","http://www.nasdaq.com/symbol/rvp",
"RNN","Rexahn Pharmaceuticals, Inc.","0.4934","89157290.2012","n/a","n/a","Health Care","Major Pharmaceuticals","http://www.nasdaq.com/symbol/rnn",
"RIC","Richmont Mines, Inc.","3.19","185126683.17","n/a","n/a","Basic Industries","Precious Metals","http://www.nasdaq.com/symbol/ric",
"REI","Ring Energy, Inc.","11.01","334608675.42","n/a","n/a","Energy","Oil & Gas Production","http://www.nasdaq.com/symbol/rei",
"RIF","RMR Real Estate Income Fund.","18.41","140864243.87","n/a","n/a","n/a","n/a","http://www.nasdaq.com/symbol/rif",
"RBY","Rubicon Minerals Corp","0.52","205362687.92","n/a","n/a","Basic Industries","Precious Metals","http://www.nasdaq.com/symbol/rby",
"SGA","Saga Communications, Inc.","35.3","205111991.4","n/a","n/a","Consumer Services","Broadcasting","http://www.nasdaq.com/symbol/sga",
"SSN","Samson Oil & Gas Limited","0.61","8655394.31","n/a","n/a","Energy","Oil & Gas Production","http://www.nasdaq.com/symbol/ssn",
"SPP","Sanchez Production Partners LP","10.59","33353745.09","n/a","n/a","Energy","Oil & Gas Production","http://www.nasdaq.com/symbol/spp",
"SAND          ","Sandstorm Gold Ltd","2.89","341756187.04","n/a","n/a","Basic Industries","Precious Metals","http://www.nasdaq.com/symbol/sand          ",
"SEB","Seaboard Corporation","3054.69","3575667379.5","n/a","1996","Finance","Investment Bankers/Brokers/Service","http://www.nasdaq.com/symbol/seb",
"SVT","Servotronics, Inc.","6.9601","16970178.4609","n/a","n/a","Capital Goods","Industrial Machinery/Components","http://www.nasdaq.com/symbol/svt",
"SIF","SIFCO Industries, Inc.","11.7","63741681.9","n/a","n/a","Capital Goods","Aerospace","http://www.nasdaq.com/symbol/sif",
"SKY","Skyline Corporation","2.64","22152884.16","n/a","n/a","Basic Industries","Homebuilding","http://www.nasdaq.com/symbol/sky",
"SLI","SL Industries, Inc.","32.15","127314000","n/a","n/a","Capital Goods","Industrial Machinery/Components","http://www.nasdaq.com/symbol/sli",
"XPL","Solitario Exploration & Royalty Corp","0.54","21193752.06","n/a","n/a","Basic Industries","Precious Metals","http://www.nasdaq.com/symbol/xpl",
"SCE^B","Southern California Edison Company","22.1799","0","n/a","n/a","n/a","n/a","http://www.nasdaq.com/symbol/sce^b",
"SCE^C","Southern California Edison Company","22.9899","0","n/a","n/a","n/a","n/a","http://www.nasdaq.com/symbol/sce^c",
"SCE^D","Southern California Edison Company","23.75","0","n/a","n/a","n/a","n/a","http://www.nasdaq.com/symbol/sce^d",
"SCE^E","Southern California Edison Company","23.64","0","n/a","n/a","n/a","n/a","http://www.nasdaq.com/symbol/sce^e",
"SGB","Southwest Georgia Financial Corporation","15.75","40128432.75","n/a","n/a","Finance","Major Banks","http://www.nasdaq.com/symbol/sgb",
"LOV","Spark Networks, Inc.","3.25","81797462.5","n/a","n/a","Miscellaneous","Business Services","http://www.nasdaq.com/symbol/lov",
"STRP","Straight Path Communications Inc.","40.9","489693614.1","n/a","2013","Public Utilities","Telecommunications Equipment","http://www.nasdaq.com/symbol/strp",
"SSY","SunLink Health Systems, Inc.","1.74","16431529.92","n/a","n/a","Health Care","Hospital/Nursing Management","http://www.nasdaq.com/symbol/ssy",
"SDPI","Superior Drilling Products, Inc.","1.36","23516638.56","n/a","2014","Energy","Metal Fabrications","http://www.nasdaq.com/symbol/sdpi",
"STS","Supreme Industries, Inc.","8.19","136628143.47","n/a","n/a","Capital Goods","Construction/Ag Equipment/Trucks","http://www.nasdaq.com/symbol/sts",
"SYRG","Synergy Resources Corporation","11.9","1249802890.7","n/a","n/a","Energy","Oil & Gas Production","http://www.nasdaq.com/symbol/syrg",
"SYN","Synthetic Biologics, Inc","2.4","212436206.4","n/a","n/a","Health Care","Major Pharmaceuticals","http://www.nasdaq.com/symbol/syn",
"TRX","Tanzanian Royalty Exploration Corporation","0.308","33095694.632","n/a","n/a","Basic Industries","Precious Metals","http://www.nasdaq.com/symbol/trx",
"TGB","Taseko Mines Limited","0.513","113787831.294","n/a","n/a","Basic Industries","Precious Metals","http://www.nasdaq.com/symbol/tgb",
"TAS","Tasman Metals Ltd","0.275","18189028.55","n/a","n/a","Basic Industries","Precious Metals","http://www.nasdaq.com/symbol/tas",
"TRC.WS","Tejon Ranch Co","n/a","0","n/a","n/a","n/a","n/a","http://www.nasdaq.com/symbol/trc.ws",
"TIK","Tel-Instrument Electronics Corp.","4.63","15079386.81","n/a","n/a","Capital Goods","Electrical Products","http://www.nasdaq.com/symbol/tik",
"TGC","Tengasco, Inc.","0.256","15575657.728","n/a","n/a","Energy","Oil & Gas Production","http://www.nasdaq.com/symbol/tgc",
"GLU","The Gabelli Global Utility and Income Trust","16.649","68450881.739","n/a","2004","n/a","n/a","http://www.nasdaq.com/symbol/glu",
"GLU^A","The Gabelli Global Utility and Income Trust","50.95","0","n/a","n/a","n/a","n/a","http://www.nasdaq.com/symbol/glu^a",
"TXMD","TherapeuticsMD, Inc.","6.29","1116479591.7","n/a","n/a","Health Care","Major Pharmaceuticals","http://www.nasdaq.com/symbol/txmd",
"TPI","Tianyin Pharmaceutical Co., Inc.","0.23","6769541.93","n/a","n/a","Health Care","Major Pharmaceuticals","http://www.nasdaq.com/symbol/tpi",
"TLR","Timberline Resources Corporation","0.485","4801540.74","n/a","n/a","Basic Industries","Precious Metals","http://www.nasdaq.com/symbol/tlr",
"TGD","Timmons Gold Corp","0.2926","83386752.0332","n/a","2011","Basic Industries","Precious Metals","http://www.nasdaq.com/symbol/tgd",
"TOF","Tofutti Brands Inc.","4.82","24840862.92","n/a","n/a","Consumer Non-Durables","Specialty Foods","http://www.nasdaq.com/symbol/tof",
"TMP","Tompkins Financial Corporation","54.14","808967351.32","n/a","n/a","Finance","Major Banks","http://www.nasdaq.com/symbol/tmp",
"TAT","Transatlantic Petroleum Ltd","2.98","122200332.54","n/a","n/a","Energy","Oil & Gas Production","http://www.nasdaq.com/symbol/tat",
"TRXC","TransEnterix, Inc.","2.38","201246238.34","n/a","n/a","Health Care","Medical/Dental Instruments","http://www.nasdaq.com/symbol/trxc",
"TPLM","Triangle Petroleum Corporation","1.64","123828075.36","n/a","n/a","Energy","Oil & Gas Production","http://www.nasdaq.com/symbol/tplm",
"TRT","Trio-Tech International","2.53","8888029.15","n/a","n/a","Technology","Industrial Machinery/Components","http://www.nasdaq.com/symbol/trt",
"HTM","U.S. Geothermal Inc.","0.608","65415586.4","n/a","n/a","Public Utilities","Electric Utilities: Central","http://www.nasdaq.com/symbol/htm",
"UFAB","Unique Fabricating, Inc.","12.4","117449452","n/a","2015","Capital Goods","Auto Parts:O.E.M.","http://www.nasdaq.com/symbol/ufab",
"UAMY","United States Antimony Corporation","0.3676","24341103.7928","n/a","n/a","Capital Goods","Metal Fabrications","http://www.nasdaq.com/symbol/uamy",
"UUU","Universal Security Instruments, Inc.","5.32","12304558.84","n/a","n/a","Consumer Non-Durables","Electronic Components","http://www.nasdaq.com/symbol/uuu",
"UQM","UQM TECHNOLOGIES INC","0.6644","26936003.1468","n/a","n/a","Capital Goods","Industrial Machinery/Components","http://www.nasdaq.com/symbol/uqm",
"URG","Ur Energy Inc","0.63","82018928.25","n/a","n/a","Basic Industries","Precious Metals","http://www.nasdaq.com/symbol/urg",
"UEC","Uranium Energy Corp.","1.22","112936683.44","n/a","n/a","Basic Industries","Precious Metals","http://www.nasdaq.com/symbol/uec",
"VSR","Versar, Inc.","3.36","32980311.84","n/a","1986","Consumer Services","Military/Government/Technical","http://www.nasdaq.com/symbol/vsr",
"VII","Vicon Industries, Inc.","1.58","14543579.26","n/a","n/a","Consumer Durables","Telecommunications Equipment","http://www.nasdaq.com/symbol/vii",
"VHC","VirnetX Holding Corp","3.89","203694345.65","n/a","n/a","Miscellaneous","Multi-Sector Companies","http://www.nasdaq.com/symbol/vhc",
"VGZ","Vista Gold Corporation","0.305","25220847.415","n/a","n/a","Basic Industries","Precious Metals","http://www.nasdaq.com/symbol/vgz",
"VNRX","VolitionRX Limited","4.35","78559760.25","n/a","2015","Health Care","Biotechnology: In Vitro & In Vivo Diagnostic Substances","http://www.nasdaq.com/symbol/vnrx",
"VISI","Volt Information Sciences, Inc.","8.94","185949461.04","n/a","n/a","Technology","Professional Services","http://www.nasdaq.com/symbol/visi",
"EAD","Wells Fargo Advantage Income Opportunities Fund","7.69","545859277.69","n/a","2003","n/a","n/a","http://www.nasdaq.com/symbol/ead",
"ERC","Wells Fargo Advantage Multi-Sector Income Fund","11.65","489940750","n/a","2003","n/a","n/a","http://www.nasdaq.com/symbol/erc",
"ERH","Wells Fargo Advantage Utilities and High Income Fund","10.97","101266077.51","n/a","2004","n/a","n/a","http://www.nasdaq.com/symbol/erh",
"SBI","Western Asset Intermediate Muni Fund Inc","9.9","139361448.6","n/a","1992","n/a","n/a","http://www.nasdaq.com/symbol/sbi",
"WRN","Western Copper and Gold Corporation","0.3244","30556837.2384","n/a","2011","Basic Industries","Precious Metals","http://www.nasdaq.com/symbol/wrn",
"WYY","WidePoint Corporation","0.9289","76653474.5144","n/a","n/a","Technology","EDP Services","http://www.nasdaq.com/symbol/wyy",
"WTT","Wireless Telecom Group,  Inc.","1.73","33953767.15","n/a","n/a","Capital Goods","Electrical Products","http://www.nasdaq.com/symbol/wtt",
"YUMA","Yuma Energy, Inc.","0.5","35789976","n/a","n/a","Energy","Oil & Gas Production","http://www.nasdaq.com/symbol/yuma",
"YUMA^A","Yuma Energy, Inc.","9.8499","0","n/a","n/a","n/a","n/a","http://www.nasdaq.com/symbol/yuma^a",
